gpt-4o_diff,deepseek_diff
0.012968750000000029,0.017000000000000015
0.02234374999999994,-0.002374999999999905
0.20396874999999998,0.1938125
0.020531250000000056,0.008187499999999903
-0.018093749999999964,0.00031250000000004885
0.035968749999999994,-0.0010000000000000009
