component_value,gpt-4o,deepseek,component
0,0.45275,0.49571875,role
1,0.46571875,0.51271875,role
0,0.44806250000000003,0.50540625,domain
1,0.47040624999999997,0.50303125,domain
0,0.35725,0.4073125,label_explanation
1,0.56121875,0.601125,label_explanation
0,0.44896874999999997,0.500125,few_shot
1,0.46950000000000003,0.5083125,few_shot
0,0.46828125,0.5040625,sarcasm
1,0.4501875,0.504375,sarcasm
0,0.44125000000000003,0.50471875,self_check
1,0.47721875,0.50371875,self_check
