Model,Accuracy,Macro-F1
vader_pred,0.35197204193709436,0.32735155632505913
bert_trained_pred,0.7588617074388417,0.7020132543217651
bert_untrained_pred,0.3105341987019471,0.30118621197274115
pred_gpt-4o_baseline,0.5526709935097354,0.5039464616631821
pred_deepseek_baseline,0.6030953569645532,0.5117147317013159
